MOH,ANTM,HUM,UNH
1.0,0.8739855545307413,0.9116124608813769,0.9268245709577285
0.8739855545307413,1.0,0.8697357487508236,0.9442721674216472
0.9116124608813769,0.8697357487508236,1.0,0.9693063423708244
0.9268245709577285,0.9442721674216472,0.9693063423708244,1.0
